use  school;
CREATE TABLE if not exists students (
		std_id BIGINT PRIMARY KEY,
        std_name varchar(20),
        std_dob DATE,
        std_gender ENUM('Male','Female','Others')
        );
        
CREATE TABLE if not exists subjects (
		sub_id int PRIMARY KEY,
        sub_name varchar(20),
        full_marks int
        );

CREATE TABLE if not exists teachers(
		t_id int PRIMARY KEY,
        t_name varchar(20),
        sub_id int,
        FOREIGN KEY(sub_id) REFERENCES subjects(sub_id)
        );

CREATE TABLE IF NOT EXISTS student_subject (
  std_id BIGINT,
  sub_id INT,
  marks_obtained INT,
  PRIMARY KEY (std_id, sub_id),
  FOREIGN KEY (std_id) REFERENCES students(std_id),
  FOREIGN KEY (sub_id) REFERENCES subjects(sub_id)
);


-- NOW WORKING WITH STUDENTS TABLE......................................
INSERT INTO students (std_id, std_name, std_dob, std_gender) VALUES
(240205131115, 'SAHU SWAYAM', '2004-03-15', 'Male'),
(240205241046, 'ALOK THAKUR', '2003-11-09', 'Male'),
(240205131003, 'RUPESH KUMAR', '2005-01-22', 'Male'),
(240205131006, 'SURAJ KUMAR', '2004-06-18', 'Male'),
(240205131015, 'ADITYA RAJ', '2003-08-10', 'Male'),
(240205131028, 'PALLAVI JHA', '2004-02-05', 'Female'),
(240205131044, 'RAUSHAN KUMAR', '2005-05-14', 'Male'),
(240205131045, 'MINTU KUMAR', '2004-04-30', 'Male'),
(240205131052, 'SHIVPUJAN KUMAR', '2003-12-25', 'Male'),
(240205131071, 'BRAJESH KUMAR', '2004-09-11', 'Male'),
(240205241001, 'MD SOHAIL', '2004-01-08', 'Male'),
(240205241002, 'ROHIT KUMAR', '2005-06-17', 'Male'),
(240205241003, 'SUNDARAM KUMAR', '2003-10-03', 'Male'),
(240205241004, 'ANURANJAN KUMAR', '2004-07-28', 'Male'),
(240205241005, 'VISHAL JHA', '2004-02-12', 'Male'),
(240205241006, 'AARZOO KUMARI', '2005-03-30', 'Female'),
(240205241007, 'PRIYANSHU SHARMA', '2003-05-19', 'Male'),
(240205241008, 'AAYUSH RAJ', '2004-11-22', 'Male'),
(240205241009, 'ANKIT KUMAR', '2005-08-04', 'Male'),
(240205241010, 'PRIYANSHU KUMAR', '2004-10-26', 'Male'),
(240205241011, 'WASEEM AKRAM', '2003-09-15', 'Male'),
(240205241012, 'AMIT PATEL', '2005-01-29', 'Male'),
(240205241014, 'GANESH CHAUPAL', '2004-06-04', 'Male'),
(240205241015, 'ROHIT KUMAR', '2003-12-01', 'Male'),
(240205241016, 'GAJENDRA YADAV', '2004-03-08', 'Male'),
(240205241017, 'ADARSH SANJEET', '2005-07-07', 'Male'),
(240205241018, 'MD DANISH', '2004-05-20', 'Male'),
(240205241022, 'ABHISHEK KHARGA', '2003-08-27', 'Male'),
(240205241023, 'KAUSHAL RAY', '2005-02-16', 'Male'),
(240205241024, 'AAKASH PATEL', '2004-10-10', 'Male');

-- NOW WORKING WITH SUBJECTS TABLE......................................
INSERT INTO subjects (sub_id, sub_name, full_marks) VALUES
(1, 'AI', 100),
(2, 'ML', 100),
(3, 'DS', 100),
(4, 'IOT', 100),
(5, 'CN', 100);

-- NOW WORKING WITH TEACHERSS TABLE......................................
INSERT INTO teachers (t_id, t_name, sub_id) VALUES
(1, 'Prafful Raghav', 1),  -- AI
(2, 'Pranav Bhaskar', 2),  -- ML
(3, 'Shweta Jha', 3),      -- DS
(4, 'Tauseef Ahmad', 4),   -- IOT
(5, 'Siddharth Kumar', 5); -- CN

-- NOW WORKING WITH STUDENT_SUBJECT TABLE......................................

INSERT INTO student_subject (std_id, sub_id, marks_obtained) VALUES
(240205131115, 1, 72),
(240205131115, 2, 46),
(240205131115, 3, 95),
(240205131115, 4, 75),
(240205131115, 5, 96),
(240205241046, 1, 56),
(240205241046, 2, 57),
(240205241046, 3, 60),
(240205241046, 4, 99),
(240205241046, 5, 43),
(240205131003, 1, 58),
(240205131003, 2, 67),
(240205131003, 3, 83),
(240205131003, 4, 91),
(240205131003, 5, 45),
(240205131006, 1, 65),
(240205131006, 2, 75),
(240205131006, 3, 61),
(240205131006, 4, 96),
(240205131006, 5, 93),
(240205131015, 1, 45),
(240205131015, 2, 86),
(240205131015, 3, 90),
(240205131015, 4, 41),
(240205131015, 5, 80),
(240205131028, 1, 75),
(240205131028, 2, 82),
(240205131028, 3, 79),
(240205131028, 4, 84),
(240205131028, 5, 66),
(240205131044, 1, 91),
(240205131044, 2, 48),
(240205131044, 3, 84),
(240205131044, 4, 55),
(240205131044, 5, 56),
(240205131045, 1, 69),
(240205131045, 2, 92),
(240205131045, 3, 99),
(240205131045, 4, 42),
(240205131045, 5, 89),
(240205131052, 1, 95),
(240205131052, 2, 78),
(240205131052, 3, 44),
(240205131052, 4, 68),
(240205131052, 5, 53),
(240205131071, 1, 80),
(240205131071, 2, 88),
(240205131071, 3, 83),
(240205131071, 4, 91),
(240205131071, 5, 49),
(240205241001, 1, 94),
(240205241001, 2, 73),
(240205241001, 3, 65),
(240205241001, 4, 93),
(240205241001, 5, 88),
(240205241002, 1, 85),
(240205241002, 2, 78),
(240205241002, 3, 79),
(240205241002, 4, 70),
(240205241002, 5, 91),
(240205241003, 1, 92),
(240205241003, 2, 54),
(240205241003, 3, 59),
(240205241003, 4, 97),
(240205241003, 5, 99),
(240205241004, 1, 73),
(240205241004, 2, 85),
(240205241004, 3, 97),
(240205241004, 4, 60),
(240205241004, 5, 82),
(240205241005, 1, 67),
(240205241005, 2, 71),
(240205241005, 3, 89),
(240205241005, 4, 94),
(240205241005, 5, 61),
(240205241006, 1, 46),
(240205241006, 2, 78),
(240205241006, 3, 50),
(240205241006, 4, 87),
(240205241006, 5, 55),
(240205241007, 1, 83),
(240205241007, 2, 64),
(240205241007, 3, 88),
(240205241007, 4, 91),
(240205241007, 5, 65),
(240205241008, 1, 49),
(240205241008, 2, 59),
(240205241008, 3, 85),
(240205241008, 4, 74),
(240205241008, 5, 67),
(240205241009, 1, 64),
(240205241009, 2, 90),
(240205241009, 3, 77),
(240205241009, 4, 85),
(240205241009, 5, 62),
(240205241010, 1, 66),
(240205241010, 2, 88),
(240205241010, 3, 92),
(240205241010, 4, 63),
(240205241010, 5, 51),
(240205241011, 1, 58),
(240205241011, 2, 53),
(240205241011, 3, 55),
(240205241011, 4, 61),
(240205241011, 5, 90),
(240205241012, 1, 68),
(240205241012, 2, 71),
(240205241012, 3, 86),
(240205241012, 4, 92),
(240205241012, 5, 48),
(240205241014, 1, 79),
(240205241014, 2, 93),
(240205241014, 3, 61),
(240205241014, 4, 98),
(240205241014, 5, 75),
(240205241015, 1, 88),
(240205241015, 2, 76),
(240205241015, 3, 52),
(240205241015, 4, 67),
(240205241015, 5, 60),
(240205241016, 1, 44),
(240205241016, 2, 80),
(240205241016, 3, 78),
(240205241016, 4, 66),
(240205241016, 5, 58),
(240205241017, 1, 97),
(240205241017, 2, 88),
(240205241017, 3, 84),
(240205241017, 4, 96),
(240205241017, 5, 97),
(240205241018, 1, 76),
(240205241018, 2, 45),
(240205241018, 3, 94),
(240205241018, 4, 59),
(240205241018, 5, 49),
(240205241022, 1, 90),
(240205241022, 2, 67),
(240205241022, 3, 73),
(240205241022, 4, 67),
(240205241022, 5, 47),
(240205241023, 1, 94),
(240205241023, 2, 96),
(240205241023, 3, 100),
(240205241023, 4, 97),
(240205241023, 5, 95),
(240205241024, 1, 97),
(240205241024, 2, 73),
(240205241024, 3, 86),
(240205241024, 4, 82),
(240205241024, 5, 80);

